,sha1,project
0,006d6af0835e5c18c30850d29d45ec59da41216a,brian-team_brian2genn
1,017d4fa7173396ea48340b2702d49e21ee43ec02,brian-team_brian2genn
2,018ffde9e82f4cfe54027b9036edce89382d54bf,brian-team_brian2genn
3,01bad74e1fbf20f63f2e12a101a8486394678c17,brian-team_brian2genn
4,022a25fcafc2189fe270cef83cba328464f35c44,brian-team_brian2genn
5,023ddc75ecb377feee08082c7c8f3dd22b27ac9a,brian-team_brian2genn
6,0292c09e2d2066782286593accccb5fae36ad6c0,brian-team_brian2genn
7,02e3a52fa6fcb47f376b6a92447d19efc6b2b536,brian-team_brian2genn
8,038b361e568b6aafa5e2dc258e7f71b7e0b6e176,brian-team_brian2genn
9,03b1afe2b60c7ca5a00a7f5fc97cf5d56d7d78fa,brian-team_brian2genn
10,043d796fed41476789beb3d5793fd2ba6e0529cf,brian-team_brian2genn
11,04562acffed4cc82879595370300fb5d2a615ffb,brian-team_brian2genn
12,048159c59a193ecbc23143b56f0d08f9dd708c7c,brian-team_brian2genn
13,0487392ba01ca52d81c96aebc5484f02c46f2386,brian-team_brian2genn
14,048cb7d87285cdceae5c6e4c5aae35afdd49bb9a,brian-team_brian2genn
15,04d0f6a9330c39c4fd98a9fda69a9033d9ae3afb,brian-team_brian2genn
16,0553cafeab49ea5403c0230411035df504d4db06,brian-team_brian2genn
17,05b34bf7b1faf079c44f1795878e14d005d391b9,brian-team_brian2genn
18,05bb717e368ec17d224b98cd1f25a54637a883c1,brian-team_brian2genn
19,05d2336d37a6f39bb4ee699463772db631d88aba,brian-team_brian2genn
20,05d36cd5cffcfeacd8c4b298d897983da4ba579f,brian-team_brian2genn
21,060d77d3f97e0166d6cc046f13793b7fd283f45a,brian-team_brian2genn
22,061122c785f5c54ef3c897ce10ca5dc064287e1f,brian-team_brian2genn
23,0616acef24420901d0af0add2884b99df822ba36,brian-team_brian2genn
24,06368dd86d037b3863bed8eb0a8c491860b81b8a,brian-team_brian2genn
25,0652c8983bb26b867b81a3d3b4c87c39025d3b29,brian-team_brian2genn
26,0686fbd3250a06e18f4813df90eb06895b5a3602,brian-team_brian2genn
27,072f8741786347d44265b10cf0f71295eadc0bbd,brian-team_brian2genn
28,0736101641d10d8844e0c3ee1311a2a4ae78b304,brian-team_brian2genn
29,075980c9ce5310ca2d968d8d526b74e23893a829,brian-team_brian2genn
30,07c43186248a93b81ce69b7cbf8040ae717bd1db,brian-team_brian2genn
31,07e0869634a29f213c3d291054471f907e58a886,brian-team_brian2genn
32,0911288550a25d487faac48035608d30149ba624,brian-team_brian2genn
33,092a00e2e3badab17a140698fa90ef70d63e2e7c,brian-team_brian2genn
34,0931ea6f9ff7e55525228587360d8cdc11454a46,brian-team_brian2genn
35,09563c7c695e5bbc690dcf42c3a86640ca19cc5a,brian-team_brian2genn
36,0961e45d3edbeba532622c917f953eb0eb23c543,brian-team_brian2genn
37,09a25030b34766a7fc7b5678d90d9fd40167faa4,brian-team_brian2genn
38,09d922f0767e3e925a55ad5b2029ecc1c79d84b3,brian-team_brian2genn
39,09ef4769f41c262375f88e31003ac6eb0c6363c1,brian-team_brian2genn
40,09ff57a36acf7b4ca1217e5ba2c3076dcf422252,brian-team_brian2genn
41,0a1186ec355daaedd178b9b40a278cbf08e06702,brian-team_brian2genn
42,0a40706f7870bdc20453842f9c87d8d045335adb,brian-team_brian2genn
43,0a60ffe1450a38c00ce1402587db0935194d6a81,brian-team_brian2genn
44,0ae131a497d85024923c57630c1925e32c553d94,brian-team_brian2genn
45,0afe2fee2fd6494d74eae4190c489cfcbc02f740,brian-team_brian2genn
46,0b152dd21316e852115392df76573f50bbd728ea,brian-team_brian2genn
47,0b1e37084a9fa65653231e601311fc78b7d38374,brian-team_brian2genn
48,0b23f3a5486b81ab1bfd798421ef65731d5a7adb,brian-team_brian2genn
49,0bb7f4040df1eb2a96971d1f773ce7e00e860d3f,brian-team_brian2genn
50,0bda64282fa07c067a5e2192d217191853877de2,brian-team_brian2genn
51,0c484c1e63ea15d54b4aca5f1ea181345703db2d,brian-team_brian2genn
52,0c8944b901728ebb55c711cae57f64b36e6c6a27,brian-team_brian2genn
53,0d14b333aadd55f1d3deab43798ef4adf38be23b,brian-team_brian2genn
54,0d6ea987ffe5c4cce2a119b0511c05a7833fa636,brian-team_brian2genn
55,0e203c9e39e040d1abba3e2dd5bb39a977f9f75b,brian-team_brian2genn
56,0efcd180a693082d3fd0138d255671b42c168b5c,brian-team_brian2genn
57,0f4dff97a7bfb8bf9fef64d20e5bd77d3c09c5fd,brian-team_brian2genn
58,0f57fb7b036ca2aa6ec003fc638b4e8ad3ece14b,brian-team_brian2genn
59,0fe71a43ffc45622edc5be0fcf11d21e01e6641f,brian-team_brian2genn
60,0fe72fbe0eb77a46bf704fb7f696924fc3ff0d5e,brian-team_brian2genn
61,0ffd898e7557534fbc2fa4944a7d4b0f709eeb6c,brian-team_brian2genn
62,10a3f73194d1c3fc762a0770c70cbe8f90f89e6e,brian-team_brian2genn
63,10b19f79d4ce78d495ce07569ec01e409128a077,brian-team_brian2genn
64,10e7ccdb99b1a79599eb107f2ea08c3b3b7ae97e,brian-team_brian2genn
65,10f19c895811ad64d2463e4d407b7a2e45c0ae99,brian-team_brian2genn
66,10fa44a073ac94cac76bd2e8a6c3b111f552d29c,brian-team_brian2genn
67,110acd2421e15a03851fa607687497bafa5b56a6,brian-team_brian2genn
68,112b4fe7d15ad371784c3265f00e4f0244a222b1,brian-team_brian2genn
69,1130cee0c317d67a043b2a26a7cab80f51b723dd,brian-team_brian2genn
70,113424002739cfe9c86330c7eb5f16094d817745,brian-team_brian2genn
71,1178990dd244899a636661394b571acbf0f9905c,brian-team_brian2genn
72,11d0a7a0915b941aa8c6d0003c51f468046d2ace,brian-team_brian2genn
73,12a4e8d32f2f0882ad574bff851340b92da9e8ce,brian-team_brian2genn
74,12e56a049a5a9e734649e6fb91a52b672a90638f,brian-team_brian2genn
75,12eda449a29873ff0b1a82314b8bc79f99734912,brian-team_brian2genn
76,12edce6318ebb4faefcd0c1c0fea1e383ed9d2fd,brian-team_brian2genn
77,13ce175874c6f0283632ccd80439c168cc2dc32d,brian-team_brian2genn
78,1425409d2c2e32877fc9c16ef9b94f8267a6bfdd,brian-team_brian2genn
79,14381af65239c4f50c3b9544f108badd26c150fc,brian-team_brian2genn
80,1438c759b58a0894d0e41ff8ec2feef5f306919a,brian-team_brian2genn
81,145af6f94ce1a558786dae476b0f5342418fd42e,brian-team_brian2genn
82,14c3ff782dc1b550792530fcc336233c3ce7962a,brian-team_brian2genn
83,14fa43cce8a5887effcaf9fe4749720320ea1ec5,brian-team_brian2genn
84,156ac497d14a42683e6aace8df87c017f5f8569a,brian-team_brian2genn
85,159c29991ba52c49c7f15be957bfdd23912fa396,brian-team_brian2genn
86,15b73b97e085b1337837cf1a744b550ab76f1d6f,brian-team_brian2genn
87,1600e1680f3b6441e8dc36e31bac38cb83b146a0,brian-team_brian2genn
88,164f22d9c57d95894494b4caf49400641f0dad7a,brian-team_brian2genn
89,16a9f0d7aec4e7b52c8c0ba97036728f26b14124,brian-team_brian2genn
90,16eee9765dc11d5ab35207ee601d40c24c56b9ea,brian-team_brian2genn
91,16f073d6e7861e5769abdccdbd577e63a1d39fef,brian-team_brian2genn
92,172d2c59f1c8c879450b15b6fffd71340b03db61,brian-team_brian2genn
93,178f43edc920f31df604d7b446bed8172400d613,brian-team_brian2genn
94,17b6d61d363b11d1823009d4d813a5823aea10dd,brian-team_brian2genn
95,186c285a4c6a4f3a69318b4e7c6228d7c4b4b9bd,brian-team_brian2genn
96,186ee772976d5e1c25e6be22201a213180363233,brian-team_brian2genn
97,187e98cace309aea775685282317b87f481428c9,brian-team_brian2genn
98,18848b03e95ed688518c6f3efa91f7f3107324dc,brian-team_brian2genn
99,1933e7bd94cd8ae14977479531a4fa4e64a7960f,brian-team_brian2genn
100,19547cc752780a4fa175e0e5995f7dbee378e517,brian-team_brian2genn
101,19afef1780dff92d67e928b5f4dcb4fc58215fff,brian-team_brian2genn
102,1a20eae61ac48c515342f400decbe19babfa868c,brian-team_brian2genn
103,1a8ce552cbe742226535375331208b8f93b75c9b,brian-team_brian2genn
104,1a930521e126cced2d7429ff62da106992727601,brian-team_brian2genn
105,1aad82359421fd33b60b188e92fc6cd09384f6e5,brian-team_brian2genn
106,1ac0ab2a6e05dde40de8e853b449d01b2f7ecb05,brian-team_brian2genn
107,1ad985ce0348ac4351e668e1250b9e30fea0b725,brian-team_brian2genn
108,1adee746f6c38281a9c33f4579e8bb97896cd186,brian-team_brian2genn
109,1b522abce0ffe52f0b2dd40b61880908f95a3496,brian-team_brian2genn
110,1b731276908637b3cfeb3cd94dee18366df7e397,brian-team_brian2genn
111,1b7f05797a398f01c4f1cdcbc097d8094cbb4fd3,brian-team_brian2genn
112,1b83747a5af9a6c73bace63d27a17a29ede210b6,brian-team_brian2genn
113,1c01d0c857bc36aade429303f1ef345277ca297c,brian-team_brian2genn
114,1c0fb5c14c5e8cc66370fc864b176a381fc1d124,brian-team_brian2genn
115,1c2609a2789c1f278ae28628a01fa0e862beefaa,brian-team_brian2genn
116,1c33b8fa75cda8ccf68b6008d62229d80aff9cfa,brian-team_brian2genn
117,1ca87f8c63c38beec0cd16f60886379dcac41a84,brian-team_brian2genn
118,1cb247de760a698fc2374293f730ebb95db857e2,brian-team_brian2genn
119,1cba7ed9467b99dfacf3cafd07cdf98604ffdac6,brian-team_brian2genn
120,1cba8cf1de5c59f1bcef4d704cd9e0b68a101f4c,brian-team_brian2genn
121,1cf9304c0e97d489bc51023c716aa9cd1b38ed30,brian-team_brian2genn
122,1cfe3f22055a323658e93558e2c7e004e750fb8c,brian-team_brian2genn
123,1d3906e5059712f78fe15b0dedf12a2ffd6d3e92,brian-team_brian2genn
124,1d4fe5d19056842e228b83b7cad0a973a1409a1b,brian-team_brian2genn
125,1d6b7461b17593b48329ed0741005a69a0f86ab4,brian-team_brian2genn
126,1d9180971e79c925a2b929ed3f6cf9ddf77f69c6,brian-team_brian2genn
127,1e24844fa9d5b047fbd431767dea01872613a78f,brian-team_brian2genn
128,1e35e5a34083e9d72358cdfaf4c0c141dd981f50,brian-team_brian2genn
129,1ecb8bdde462ccb77075ab261ce77621ea60e965,brian-team_brian2genn
130,1f2d347557511b132c73ca517af9833c02fad796,brian-team_brian2genn
131,1f82acf9b915d6863e31ccb454b0438fcf5eb394,brian-team_brian2genn
132,1fa7d788f7f22eb75198e55fa921db5dcb598ec0,brian-team_brian2genn
133,1fbb353d9149ea504ab7e28d831659711891b1e3,brian-team_brian2genn
134,200a05db564226eae84b63e08a4931cadbc8b56f,brian-team_brian2genn
135,2018763eb245a51218a4f8b6f5bacac3efecc60e,brian-team_brian2genn
136,2061f36e1fc34fad6c268167390c3b1260d8658e,brian-team_brian2genn
137,207ce68246f170593ed43352079a04c34bc6556e,brian-team_brian2genn
138,211e58594b3d8b75622fcfe959273f5f5b7ce271,brian-team_brian2genn
139,21674a022706ebe08f6d9b2eded2a4147458758e,brian-team_brian2genn
140,219f83f1f48aedbd10a4014b6be26b93974d139e,brian-team_brian2genn
141,2273030601076edd6cdc6256e87ec29e00d72292,brian-team_brian2genn
142,23555cc76f181a7cc952cf3d1a5ae0e6512c8ef7,brian-team_brian2genn
143,239be5882cc248b4a64980e627f2df9b4e54b3f2,brian-team_brian2genn
144,242da71c75a3ed3b571e1fa35fe8c43afbf5dbae,brian-team_brian2genn
145,243a163280b954ad8865e0dadcdfa035cc072f03,brian-team_brian2genn
146,2459628825dd499740d9cbc724646c8859d9db69,brian-team_brian2genn
147,24f6f2ab1dc4351e6956956d3d5f6b77b485f2b9,brian-team_brian2genn
148,25468d11d90e8e9daaf0bb775a52047bbcfc8096,brian-team_brian2genn
149,259c85463ea39f5760a30c8eb30ea76d8a80b883,brian-team_brian2genn
150,25efdf033ee83688fb63f611c9c67b0ccc78eab2,brian-team_brian2genn
151,26e209b8f976b75d4bec2ddd03f68f3ea64d5203,brian-team_brian2genn
152,273be7693ff575a4130ebc73dd5fe494b4f68d13,brian-team_brian2genn
153,275175af4d38c91564e6c0f8a3c6af8cccc3f406,brian-team_brian2genn
154,2777662f9db410b016e71d05c465bf50aaf4272a,brian-team_brian2genn
155,27a8af72ee6f9001e93e6d8a8911f6b8208ed095,brian-team_brian2genn
156,285f878ec1877f6414bdf8630bba707f17d870d4,brian-team_brian2genn
157,2893c6d38a41fc83b5273d9751856fada5f45a11,brian-team_brian2genn
158,28fd64d23db328c547ed34191119733500507c57,brian-team_brian2genn
159,291416af5db740b5d5b5ee108d97035cd62a6ad3,brian-team_brian2genn
160,291994c029f54416c85053b99d7faf379ffad16e,brian-team_brian2genn
161,291ed8bc7198443bb7f5ed001f21b6e5204e7657,brian-team_brian2genn
162,29b2b93e5b9a73dbd73622c6e8f6e6199a735a9b,brian-team_brian2genn
163,29e7e08882ef732e832b590abd56bbc521b0f442,brian-team_brian2genn
164,2a6dd84c930218a2bf745118b371c97b90d3d075,brian-team_brian2genn
165,2aaf1eba670a2d082897c9dca0a072f6b52c1693,brian-team_brian2genn
166,2c11631bb27347df9660c227e806d8c68dca91ce,brian-team_brian2genn
167,2c11ce66c537eb661d2f95d9917d980b5b621887,brian-team_brian2genn
168,2cb91df43d0d758f4c3d9f5ba3bab0b364c81685,brian-team_brian2genn
169,2cfc365b5fcb33a302af2a0874c5ad24964986d0,brian-team_brian2genn
170,2df5601a8107dd31b5813022b30417a1aac1b0b2,brian-team_brian2genn
171,2df5e5de21472ea9fe642d58c3f8fbcd24e323f3,brian-team_brian2genn
172,2e26f414a7385cf2cdbf7fa1de027031f9ffcc5b,brian-team_brian2genn
173,2e528639309964b666d2a3d9ac31ffef949a4791,brian-team_brian2genn
174,2e5bd9a93620824f7415089aa443a0ba4a8fa73b,brian-team_brian2genn
175,2e9ecc215949bd9c723997aa021914c8ceef9cfa,brian-team_brian2genn
176,2ecba55cca864868e3e62fd109278cb96a64b3ca,brian-team_brian2genn
177,2ecf8a89c5983377b43c691b6316a4f071341262,brian-team_brian2genn
178,2f2e297689712de9928c1ae7dc5d54aeb0436644,brian-team_brian2genn
179,2f333270431c9f83924910710f417203c6d859cc,brian-team_brian2genn
180,2f420431d84ea0f5f0271ffd5d5195b596858d79,brian-team_brian2genn
181,2f4faafb77e9e1bb5df29b1f604309b30cd79aeb,brian-team_brian2genn
182,2fd0670d712537cb664f4afbd561ddfffe361e7b,brian-team_brian2genn
183,2fe0672fda883a4b08eb30f125dfb00bd055f62c,brian-team_brian2genn
184,30b7e8cf24068c2b7674463a4175c9b20ed4ff3e,brian-team_brian2genn
185,30cd1adcfad9ba2f28f682e0bfc209967ce87829,brian-team_brian2genn
186,31115759716bb1f35fa391c36d660f1c879f5d5b,brian-team_brian2genn
187,31e1136ed0d705540057964e767f587449f10fe4,brian-team_brian2genn
188,31ebe6acd5b99309090d232843dc8fa67f0a3177,brian-team_brian2genn
189,31f6ab42238ddf0b2b2b0f6ef631c9313d2fb031,brian-team_brian2genn
190,3208d10530119345022f4d382315ed8d33d1ea86,brian-team_brian2genn
191,324f431a7c4d56238333e9873b36ec4cdee444ea,brian-team_brian2genn
192,3297fa0ef53ed14c7567c617f2e9fb4d1b2cd219,brian-team_brian2genn
193,32c8c7e15c9c7dcb5c4aee2183037308a02f5bd4,brian-team_brian2genn
194,32d88997e2dd2b86f8f72cbdaaa04a7ea30ba1a8,brian-team_brian2genn
195,337d2dd97be78542913a0e4721e0fdd23863a175,brian-team_brian2genn
196,3391de2cdafe3945c7689089ce035beccd3d605b,brian-team_brian2genn
197,339d7bda2c6fb5a396b6a043f9d268d068bfdd14,brian-team_brian2genn
198,33e9f4d764ca4263e3b59e6914989f2e1b268450,brian-team_brian2genn
199,33fe0b71d420f5ab45cf9908fc5553cdcb88d732,brian-team_brian2genn
200,340d3a4a15da857d29ff8129a45b0fa3d8a6a468,brian-team_brian2genn
201,34157902de1dc2cdc8a606f4228d9b2a4b9f91e4,brian-team_brian2genn
202,341cbd85df72897a2220d59a88c45bd59fe700cf,brian-team_brian2genn
203,34e2b5818a18fc8692b0a3973112abe9c47db53c,brian-team_brian2genn
204,34e6c950dabf0581fde26aa07d3a32b1bf0af6dd,brian-team_brian2genn
205,354a5cfca5ca99c2a585790ebdc8dac1b85ae538,brian-team_brian2genn
206,3558044187f4adbe154968adf826e2db5c755c78,brian-team_brian2genn
207,355c55267b1d50e19590b5bfb0755e9af5cc3be6,brian-team_brian2genn
208,357d440f2f38e35a3b5c6e48f163e31a0e51f11c,brian-team_brian2genn
209,35fb194f08ef9f061b1231e9edd1f38570f6798f,brian-team_brian2genn
210,36a1c36c3c85cf20b11eda67d544683ce1ca455e,brian-team_brian2genn
211,3834d8752a964a655e26d37081463b78bb3cdb71,brian-team_brian2genn
212,38b1d627ef8b9484c4718b2a336076edec637cfd,brian-team_brian2genn
213,38b9b9e2b8498b011a7ffc99d8c129d2d090b614,brian-team_brian2genn
214,38c86dcb4c364ebc341bd1ade793cb40c288d003,brian-team_brian2genn
215,3939ae602e768bba23f13819e911ca5988994283,brian-team_brian2genn
216,396aecc6bda3e7976bdcb0a11d0a8ce4666474f4,brian-team_brian2genn
217,399a9d1462e5642cc4f2644a9a10a0286a4a7c44,brian-team_brian2genn
218,3a0cfe2895a8ae7eaabf89567695c7aa100e6dcd,brian-team_brian2genn
219,3aecd0a637996a3a3ba02b0a0f84dd28da285e43,brian-team_brian2genn
220,3aef455962913d7b990340b5848e43dd515b2309,brian-team_brian2genn
221,3af867bf49b60caabe50e9c4be895df64759c100,brian-team_brian2genn
222,3b043d567d6b8cb59d8a79032bc7187ca7f38a88,brian-team_brian2genn
223,3b77358c9eb4f493a10b37264d2f4530f9f779b2,brian-team_brian2genn
224,3c0e721a736ea7df011592c01437e76435412e5e,brian-team_brian2genn
225,3c5b39a4c099255a008053aeef46ce01d73cf422,brian-team_brian2genn
226,3cec78bd1ca246cef329cd267d0ded04bb9b25c9,brian-team_brian2genn
227,3d3d0a099b92153affb123d8859ab988b4d54fb1,brian-team_brian2genn
228,3d84b98358ab4d28430dd201a8b6c6d58eae31d7,brian-team_brian2genn
229,3d8cde7890da1ec9100402c59ab0d712ede3edac,brian-team_brian2genn
230,3dff3252b3895448f1f915f5aebf570d25a9aca2,brian-team_brian2genn
231,3ece949d0d16d4d064dc0e431b2e700b80c355b2,brian-team_brian2genn
232,3efa99b620a662bf536eeea754966dc8c87f19b8,brian-team_brian2genn
233,3f0a7af33bfd7c7eb26e85c8eedccb8efb0237a0,brian-team_brian2genn
234,3f2e020ac681854b3f28fab6338857a8fa31d7e0,brian-team_brian2genn
235,3f710bbb1d32e309ffdcc62e9dd2634cf0f84a6d,brian-team_brian2genn
236,3fb8bf58181456caabecc94a3260dce40c2353eb,brian-team_brian2genn
237,3fd13ce9e05a8642b7047775352c761ed8836871,brian-team_brian2genn
238,3fdd67e134283972065fe891bc7f81f801660bce,brian-team_brian2genn
239,40106e4ced6234088a16e0599771b4fc46549376,brian-team_brian2genn
240,4056c665b284222863543952dcf5c079c75efb6e,brian-team_brian2genn
241,40755034bbefee64b8abb66cecf12a4b7f52ee15,brian-team_brian2genn
242,4084a72c29d1e5cd588dcb6a5a7e53312b5394da,brian-team_brian2genn
243,40f4db0513eb9df544e2b59ceaded60b38d29aff,brian-team_brian2genn
244,413ecdd6af8b68a873671085d7e22202416e4936,brian-team_brian2genn
245,41672cab70789ceaf1098f2fe2c5c4c8fad767d9,brian-team_brian2genn
246,416ae6edfe2887cd551550666fa6ba7e341a0a7c,brian-team_brian2genn
247,4177b4f9c55330e13e8c2f28186e768f8cf91113,brian-team_brian2genn
248,4232c757573f7a57058d64597d6da0ffda0c00d2,brian-team_brian2genn
249,42d3517272cd6e13e4fbc3884e69d961aa0e2bac,brian-team_brian2genn
250,42ef8879c4c635d6f79da6518bc80e1f2f25ef82,brian-team_brian2genn
251,43096a518af35519f9460305c625f0a13bb33c4e,brian-team_brian2genn
252,4321dcd27702d440d2d5d0a100452c9c45d9022a,brian-team_brian2genn
253,435b53e89f44b28d7ae4508cb91bedf8d0455be4,brian-team_brian2genn
254,437d0aa31648724d48550b68bba11c93160dfa12,brian-team_brian2genn
255,43e24d912aa4353ba831fd1b9087e1fd57dcdcb4,brian-team_brian2genn
256,43e30113bb067c51e6e4747136a6250f17c2a935,brian-team_brian2genn
257,4433a8d46b92de89532aa342b3e5e0a7799801a7,brian-team_brian2genn
258,446ed0ecfed9a0d68c9ca2bb7ae7f4ea5153be55,brian-team_brian2genn
259,4493614e371f641778651b22e1355ce421b0ae11,brian-team_brian2genn
260,4544a66b8c4b8f99bbef54f4f0c3a536295b96e1,brian-team_brian2genn
261,45dd83edc39b30734176b745529bfed0aa64cf33,brian-team_brian2genn
262,461621b013f3c540da2e82cb1aee5c69c1040e67,brian-team_brian2genn
263,46672d27af96ba9f12176d877c5a8d2f71d90f0e,brian-team_brian2genn
264,46cf44ff035e71a05859588d70ff8c7fc2b3e034,brian-team_brian2genn
265,46fe3f932709fd8c29be39334af2d0cb1dfe5a97,brian-team_brian2genn
266,4714eb9748cc265a31859e228c239f2dba4dfb24,brian-team_brian2genn
267,47c8a302b9e79d6e4dafd2bbef0f86f3aa1bef01,brian-team_brian2genn
268,47efcd4c5563b4b9b05cf3fd1d987fb28e7ee043,brian-team_brian2genn
269,47f81d288dfb15e6ce32b63b937976990e1f3940,brian-team_brian2genn
270,480e3af609f6a3078b300ea7320364be7c7ae4b3,brian-team_brian2genn
271,48439113cb016baa6666af5687b89c70316be7f7,brian-team_brian2genn
272,4861a197cddb4cc1fd7f71b290884a8c4a6b6b40,brian-team_brian2genn
273,486b878982ecbe4f901897a0b065dbd1c7508e4c,brian-team_brian2genn
274,4879a273de0fd2060bb8ddc68d3beeff37fb8cdc,brian-team_brian2genn
275,48a5bc6dc7f401f1a1199f2d8b3917fe73dc9fdc,brian-team_brian2genn
276,49b386f3d210faf51b114d409502c101bf496447,brian-team_brian2genn
277,49faf57f112b56c04712e16b63f9390b12b4dfea,brian-team_brian2genn
278,49fe075a0ab3ce626124b029d43f042954773303,brian-team_brian2genn
279,4a075c589ec280cf41dc845ac23b44c43255a05b,brian-team_brian2genn
280,4a9a9ca8bf24fab81d6fae07ce36fcd56af67f90,brian-team_brian2genn
281,4ab4730ba890716de484d462e59f176fae478ef9,brian-team_brian2genn
282,4acc6822d3fad70a73f14b1b81592393f5ffb032,brian-team_brian2genn
283,4acccfc5f60a56115ee678812d6f249851e7850e,brian-team_brian2genn
284,4b5253009ae4313f3dcc765cc4ebec55ee3a0c32,brian-team_brian2genn
285,4c40d3f81d90d0adddf0d6accd1a8c1e1483fac5,brian-team_brian2genn
286,4c4a5aea5d04e9aadd0f55d9b0c3a1346b400239,brian-team_brian2genn
287,4cd70d55f9582e5d1ea2db571340959b275e8039,brian-team_brian2genn
288,4ce55e0e8d9e6fac748a4ea391ca32ce07548a91,brian-team_brian2genn
289,4cefc253bab7395b19d466504822389aeb15e47f,brian-team_brian2genn
290,4cf69146a14b37fbad6b9e43bedbf58f5e37c9be,brian-team_brian2genn
291,4cfea8a22ce70efe4723bcf7fa292a7a917be46b,brian-team_brian2genn
292,4da63141e9f4a6e4785349498e61e61e0ddae589,brian-team_brian2genn
293,4daf55eb09c1c5a2b7f5da91b224202eea490c55,brian-team_brian2genn
294,4def6a886bb9d93cd2dd69678fecd8e978b45c3e,brian-team_brian2genn
295,4e02032e86b3ebd7c4257cad8bbc06176bf4a60d,brian-team_brian2genn
296,4e209d02b7593d2bc8ad6331038e791d31cf01f8,brian-team_brian2genn
297,4ecd8b36886ca27c7d1cef9d5108ebe9df10e647,brian-team_brian2genn
298,4ed0168a0c84e12f68be99196a754393bb53c642,brian-team_brian2genn
299,4f0de4d93d0d6b163cf2e8b175b9a6582cf59bde,brian-team_brian2genn
300,4f14a879c59dfe1ce29820fa8ea2e339e4715df4,brian-team_brian2genn
301,4f4011476173ee2ae26a2279840c54ccf1715246,brian-team_brian2genn
302,4f84182f9c56a5722e2181bfb50830be9e0c924b,brian-team_brian2genn
303,4f930ce70cc56435d8b14691705032b63fa3bbdc,brian-team_brian2genn
304,4fb633451a047d753824c93b34903ed9ea709c00,brian-team_brian2genn
305,500f58327095a684162c64cad9baab7a7d0b9444,brian-team_brian2genn
306,5024b895811bda383a759d569eb1abafedab2c86,brian-team_brian2genn
307,50c2af176616d3ea1424961a78bfad9a87be49c1,brian-team_brian2genn
308,50e230793f9ed1cbe3ada053539e27e51ea7a474,brian-team_brian2genn
309,5112d8ff36cb9b15ece2822c28d482f47788faa9,brian-team_brian2genn
310,512ec4d1124671e31b1f41c66640920851c00a61,brian-team_brian2genn
311,5191c52860a9cdf05c6c2b72e436be109e7fa24c,brian-team_brian2genn
312,51dc5604abdcb38aad9a0f4c775cc913475b5af5,brian-team_brian2genn
313,52dad0c64931f95be4c6c998c0e64ba9399d2bf6,brian-team_brian2genn
314,53de161b901c413fd1ebd9c0501d3055d7e3c1fa,brian-team_brian2genn
315,53e5f8c2f126f9c3e9a2aa6819beaf7c1dd7511f,brian-team_brian2genn
316,5412aa2df7fdc6a141d834f478be69fdf32a4637,brian-team_brian2genn
317,550b155a0d1dc26e2f0744c6f3266da663d2706c,brian-team_brian2genn
318,5570f616266512b70c73ef5344ab0c275dc16c71,brian-team_brian2genn
319,5580256d51fce90ed0bb5a73430dadb2cd2dc825,brian-team_brian2genn
320,55ddfd4e89fa4ba321b29c40d258f4e566e46baf,brian-team_brian2genn
321,56497e54acbf3dfecbd837bbdb132dab8ab1d315,brian-team_brian2genn
322,56732f6435650a1ecb5f895aaec159335047697d,brian-team_brian2genn
323,5691b0fd52fda1f9f3d1af620f32aa00fcb5a0bf,brian-team_brian2genn
324,5699a697b61796de63ac43306182992e63ab74e8,brian-team_brian2genn
325,57793796640540371143481c9c20aadd1d78a278,brian-team_brian2genn
326,578f2cad8f8c0f13abfd226cded2a8c1dc3a369b,brian-team_brian2genn
327,57b0ecaddfe0e6f6e23c53f080402331317978f1,brian-team_brian2genn
328,58add7f2ee399c6a58422c4598b1ae2d56b25cd9,brian-team_brian2genn
329,58db9c9f88c6436c2d76498550a3600bf0d9c8f1,brian-team_brian2genn
330,5921a033a446df263d88e33e06937e5029eea251,brian-team_brian2genn
331,59941b556b1a05b6fd55f28d15e47bc8b0ac6700,brian-team_brian2genn
332,59bd85ea01ea0a6e52d6d5233b787f4e19c0b30e,brian-team_brian2genn
333,5a43f9a716406cfe740fe89e728c68148a4755d7,brian-team_brian2genn
334,5ae866ce79a7e1e9f6913e98b0d863a158db2c87,brian-team_brian2genn
335,5b5b65342ed8f55f25f83c8fc3f28b18eaf50eb1,brian-team_brian2genn
336,5b75dbdd8e17d82931cc8415f2d500031daf6082,brian-team_brian2genn
337,5bac67ab199afba48e5c764ddd14281f96bf0797,brian-team_brian2genn
338,5c6542b708bb553f32b9d74e3faf25a9d6990e65,brian-team_brian2genn
339,5c9ca0c6a2085c9924eef2ef582daa3f19860a52,brian-team_brian2genn
340,5cbbeca80419360a8bcdfd77354e3cc09c8be2ae,brian-team_brian2genn
341,5cd009b9d797de94256a7efda0e5caea262db580,brian-team_brian2genn
342,5cef00e3c7dbf5ad2e1d8a6365767aaa08742f74,brian-team_brian2genn
343,5e0af606bfa3f1df4aa30888506f6088a50b4f6b,brian-team_brian2genn
344,5e42d944dd642f50eb416487441dc2037c48e6d2,brian-team_brian2genn
345,5e6afd28055b6f06612b0b94906f3be6a4764f78,brian-team_brian2genn
346,5efbcc717dd6964e260aec3e60f28624eaa3c9d9,brian-team_brian2genn
347,5f646a4728fe464473816a3d2f5738ce1557b207,brian-team_brian2genn
348,5f83f9a12b0401989258d28a7ffd4c08c006b9ee,brian-team_brian2genn
349,5f844d00a172a30d46882c2477228cc37f573754,brian-team_brian2genn
350,5f96c23adc4a3d579b58a21ec25ae6493634865e,brian-team_brian2genn
351,5f9ba00ad351d946704c2077082bcf31d7912bdd,brian-team_brian2genn
352,5fa4ac25d50d8ac77213038502ac71d6895fc50d,brian-team_brian2genn
353,60b26bb2ace37e79e54d62043328b7b0a3fe17e1,brian-team_brian2genn
354,60b2e408a4318620f4a8e2995bf028b7572221bf,brian-team_brian2genn
355,60cb1faad74ad72998e69e6527297fd696cf3d92,brian-team_brian2genn
356,60ec13d417a365b5e86e31001bb8032c2252722f,brian-team_brian2genn
357,611724de15da0d2b1d5d9c9b7ea124885bac235b,brian-team_brian2genn
358,61d29f7aff4f1c1d5fcdb66c22e09e20f2a9922c,brian-team_brian2genn
359,623a89ab109e90c536e9c58b01a2db70b56b1f32,brian-team_brian2genn
360,624a52ca95accf35fcff40caf41422ac85ded181,brian-team_brian2genn
361,62505668caf0660f3b902433ac28e1c213ea9713,brian-team_brian2genn
362,62f039e93ae76dd636d97534873b75f13b6d7d15,brian-team_brian2genn
363,632c4ac91f8fe096a3553e4adcec532f2c2ebc54,brian-team_brian2genn
364,63be0042cf3bca3d1d1d291502fe97a688db52fa,brian-team_brian2genn
365,6422dabd2dc3a5a94b3ee83607ca2333f6c9a3c8,brian-team_brian2genn
366,646fb55eba5bbf048cc03db7cd8064be62709c47,brian-team_brian2genn
367,646ff2226b3c03db6b8cda1adc9ab4bc8e7baedf,brian-team_brian2genn
368,64a60ebf1b44c8628a9587fe1c25908ed784b660,brian-team_brian2genn
369,64cdfab433783dec7894071d28decbd23a480fc1,brian-team_brian2genn
370,64ffd9ca5647ab9312aaf8bcaef51bee11625baf,brian-team_brian2genn
371,6556f3f4cffa2257c370617d265c74073cb0e025,brian-team_brian2genn
372,655a5d69f5b808dbe63259e67ed736b7666d3229,brian-team_brian2genn
373,655d7a7bc5d6c5082cd4879faa072b04330d1710,brian-team_brian2genn
374,65600abb9142764c285a9a66ec7c823e245d26eb,brian-team_brian2genn
375,6578d674a563be9d3ad18860b47d76c19f8c2ff9,brian-team_brian2genn
376,658e1cf0f11739b06b45bd2d6a7938dade7e0ebf,brian-team_brian2genn
377,65b652bd12c8b2d3c8b6c85a6f1c52d5c104c6f7,brian-team_brian2genn
378,65e7c87662a2ea6e4d20f1d8ed045585694a5f95,brian-team_brian2genn
379,65fd6066cef6a7832fcee66bfef13efd8c110f34,brian-team_brian2genn
380,6664bbd8a781e168d07ec61210360feaeb55014c,brian-team_brian2genn
381,66eb649ac350ac6e6ebd954b9ee5cc4c95cd8660,brian-team_brian2genn
382,6740049633502548d043ab3a3d0102c23860e026,brian-team_brian2genn
383,67d0337b9d2385762c0239e1280e803a2f78e70a,brian-team_brian2genn
384,67d7b9a8ab06207029d4a17ae41e40f33c7269f1,brian-team_brian2genn
385,67dd275c91f59c8edeae0e15bbb56326082b5fb6,brian-team_brian2genn
386,68129628326fa9cca9285695d06e4d5000d41299,brian-team_brian2genn
387,699c565ab1419fb83a013ff5e6957f71c861fbae,brian-team_brian2genn
388,69a6b48209e4a03df99952b68dc504d9f83e2e32,brian-team_brian2genn
389,69cc8662f4c4a299bd961ff2cd72619d163e3843,brian-team_brian2genn
390,6a5c965e1c87fc8dca5e553a6d4ea66c1d6c3135,brian-team_brian2genn
391,6af40e66ddea49411991fb6df99f87dc932b7f3c,brian-team_brian2genn
392,6b6fa8831fc4db10bb292c5e96ba46b371dd8ae3,brian-team_brian2genn
393,6b8a1a02616a96665b80e3f773e0a6e4d73f2e58,brian-team_brian2genn
394,6c59e0526055b06f0de80d0ee05c32cf2ef1686d,brian-team_brian2genn
395,6ca79b2aad594b87e8b938f49d8a256b6d9f7bb6,brian-team_brian2genn
396,6d0f15bee76c4de89495a3a1376dab38fbbbad76,brian-team_brian2genn
397,6d7a674f7dcf9a6564501e22b167662d184334e7,brian-team_brian2genn
398,6dee943b15112a9e9ea1a4fa5ce511c547c84227,brian-team_brian2genn
399,6e0833081630f196a986ab2bd21d57d7b31ccaa8,brian-team_brian2genn
400,6e2950177ddaabd8df1ee2ea5a2a0b24fb6583d8,brian-team_brian2genn
401,6e5cc2dfb13650bd5199521515257c6ca8bcbbe6,brian-team_brian2genn
402,6e98f5e1b1058ae39c7f396a8da3ec5081497904,brian-team_brian2genn
403,6f324325156d641b310b388634ce0ea1892e2c46,brian-team_brian2genn
404,6f60736d4529dab87dfd6d0147cf33b15cfb1129,brian-team_brian2genn
405,6fed1b21c73f659b47fa3ee6270515fd783335b8,brian-team_brian2genn
406,7060599c11bf57416747c74e46534002854a7c72,brian-team_brian2genn
407,7095c4b39a4cce591ec10f06ff2a8bd5de93ba20,brian-team_brian2genn
408,70a989e299a26ff3ca98600503e388a23a461d46,brian-team_brian2genn
409,713be5a417b46d7fa2e84628f010817449139dac,brian-team_brian2genn
410,717b8fb18d03c51c769d058e45a76231698ff657,brian-team_brian2genn
411,71ca214d3547a363a28eb21d3a5e8f836efb3172,brian-team_brian2genn
412,7223a6d719f6a43cb5ca8fe9cb416be999fd54ec,brian-team_brian2genn
413,7234a4af8feff03cd01ef980b9b4ae0d429ae33c,brian-team_brian2genn
414,72aa5d9aedecdcac44f3cec514b24c2e456e6fb9,brian-team_brian2genn
415,730a2c7e4783cc9007c9c2d6ec63d16e229a793d,brian-team_brian2genn
416,730d345b7bd136028ee51967567ee9386487fb84,brian-team_brian2genn
417,73c185cb26268f1f501720dd81b3e1691b7b8724,brian-team_brian2genn
418,741255496ac7d57f264fb220baca3684bf5aa96f,brian-team_brian2genn
419,7412c4661a4dadc6557bf1a61f11d39287ed95b4,brian-team_brian2genn
420,742cc6c3164f4df7a2e56fc86a1016f41dafdc45,brian-team_brian2genn
421,743597ecbbbb1295802d2e1c55ec3fe62eadc469,brian-team_brian2genn
422,750c03cf6e676ed1dfc2e031d96dc85e23d1671a,brian-team_brian2genn
423,75107aff4a9d489a402ec27df83a151e90564105,brian-team_brian2genn
424,75134d0a4b68e9b826b781fec681baa5b721cacd,brian-team_brian2genn
425,7520ff0b832ad341fca138eb5f5d856815fb49be,brian-team_brian2genn
426,7553f2b291b44e052d3b03c3439ac0ca5b87db36,brian-team_brian2genn
427,756c4fc5f8b2ec57b505626c15fe6375643e1b13,brian-team_brian2genn
428,7587a1b41dd7768f80fe8bb03a38e360f9aeae60,brian-team_brian2genn
429,758bae8eec4a866dd620aaa7d17b01ccee9c5bde,brian-team_brian2genn
430,75ecffe33a7fdb6778719d120d7c14c29455bbaf,brian-team_brian2genn
431,776b70f78c626fad9913068fb13a53e4ace4d170,brian-team_brian2genn
432,7777c05b17c062b146e27021b4e461157d6cc7cf,brian-team_brian2genn
433,77dce169571be24e979381509ead11f300134ea5,brian-team_brian2genn
434,77f715f39e25c6cdb32c309a2988784096c68df3,brian-team_brian2genn
435,78096928f164eb452e75000f0e78732e059ca8bc,brian-team_brian2genn
436,789ba84ebf0f340aee739113480cee1fd50b6e86,brian-team_brian2genn
437,78b3b0c975d03a71d8a45609cd9f037f98b11c86,brian-team_brian2genn
438,78c74aa47d59d31d045890511b9fd563f2eba45b,brian-team_brian2genn
439,78f3c94a7267e636f68cac7790d84298fa2ff8ae,brian-team_brian2genn
440,79b8eca30b212b1d14e825fc02ce70f7f1bd4618,brian-team_brian2genn
441,79c32fe08dae68aac58172d171195700067f2088,brian-team_brian2genn
442,79c5eb46dc49e4a488d6046ecb273d11a01f666b,brian-team_brian2genn
443,7a74eee6ef472de5a67531e06b089564d5f1da51,brian-team_brian2genn
444,7a9c28d06abacce268f45937ceda66e4cda2ad92,brian-team_brian2genn
445,7b5fcb4586716aed150df5cd4a9f76e2cb8667da,brian-team_brian2genn
446,7b624fdc176606ba206db3c8f387db53816c5d7e,brian-team_brian2genn
447,7c38c12856d70b7d302a3e35d5babe49260dd1f6,brian-team_brian2genn
448,7c64dfc5d6a792cc8bed4e5d6ef3501d28fcd841,brian-team_brian2genn
449,7c84abc5208d0f4dcbb174efc1f1a930f1c5b9c1,brian-team_brian2genn
450,7dc1c280fe591e565c958e0ffc686d14b9a6ef33,brian-team_brian2genn
451,7de69e627bc19d64f5207cc23f663262e33e4b51,brian-team_brian2genn
452,7de6c8ad1723b51e76ee758f5b08b059d1496ac8,brian-team_brian2genn
453,7e2510ebc7c0eb4dfa7552cbead016bcad8fc002,brian-team_brian2genn
454,7e5296501b8d9a78db55848e95a6ee7e7650e964,brian-team_brian2genn
455,7e9504eb8a5c897b8040cd5a52f4148dbb7c82ec,brian-team_brian2genn
456,7ed6765d1022b777367dd4aa2486072e3d8cadb6,brian-team_brian2genn
457,7f3060dd4933d68485561745d60bd8365ffb05ac,brian-team_brian2genn
458,7f897f0fdc0aced86e8bb44a652065d08c405e54,brian-team_brian2genn
459,7fcd3611e697e7f85e0bc7b1ad09dc5739fe2959,brian-team_brian2genn
460,7fcecc6f1406b1f8cdd698fc2354dd55cc662d89,brian-team_brian2genn
461,8004db070b919cd12932820eeb3c50025b164f7d,brian-team_brian2genn
462,8028d5d293a7a190cf9fd597585eb10b7551bb23,brian-team_brian2genn
463,80358320acb912088b642a4597774634b9c49a7e,brian-team_brian2genn
464,80bcc822d81e9724c72c900f64142ce1c932c249,brian-team_brian2genn
465,820c84944f8a276b4e634e5da5f1c0af329a2c62,brian-team_brian2genn
466,8230cd9212453e7dd31ca1aa95ed5e8e9a2d0733,brian-team_brian2genn
467,8234dfd4ce9e123c9275226bbd6c5473537d4586,brian-team_brian2genn
468,825728b5f395365560ebff889c769f812895d6af,brian-team_brian2genn
469,825ed2a0b9b626f338936987a578987b35d956c8,brian-team_brian2genn
470,825f76d834d60d6dc39e77c7f9f43a1e4ecdc284,brian-team_brian2genn
471,82ab1f9d7f244cae3824a0a834fdb9f1fadb0f1c,brian-team_brian2genn
472,82e32a8d7c46bca65c033cd672ab9fcd80a6e718,brian-team_brian2genn
473,832ea8e1773ffe0d6219d256ef1c0eb7bd96227e,brian-team_brian2genn
474,834ce9e151871bfaa728b8e93181ef80608018e6,brian-team_brian2genn
475,837a4324e2e5e5a165a44476672bf87436643ca3,brian-team_brian2genn
476,839b3fc7b729f9cbecb479c6b7593f6003f021b0,brian-team_brian2genn
477,839f0162c81599e466c5c42a30eaf809e1361524,brian-team_brian2genn
478,84029474f7cfd030207ad7c5789eec0699b4a9bb,brian-team_brian2genn
479,8463e5fabc1950129fa61167eba3f71eaaf49ff8,brian-team_brian2genn
480,84930cc399c40e5ed29d07267f3c5403609546ad,brian-team_brian2genn
481,84b7c44a482a8d0f2c9acbcdb51315aa1fce1d74,brian-team_brian2genn
482,84dbfaaf427813be8a5948acb04e5ffe84f82799,brian-team_brian2genn
483,84eb97f2d36afb14a7670c5c4cf76abf33bbd6e2,brian-team_brian2genn
484,850ca52ef6715d5386bcbbc53a43a52c4bcba7a6,brian-team_brian2genn
485,853ae7a2071295c5fb04ced6e6b106c65895bdbf,brian-team_brian2genn
486,859d1e046c4b2fecfa067bb0b59424b09e674f68,brian-team_brian2genn
487,85a38d2c15d3050280559321724ad9d988df2058,brian-team_brian2genn
488,8602313d3509d20cf67a04326067d5c34158439c,brian-team_brian2genn
489,8618cccf33efc32170c8ac72d2c45067b24fb2ee,brian-team_brian2genn
490,8623e471c189f4d578f65cfad6c246313fd1908b,brian-team_brian2genn
491,86ae64cd1122fe12b09e75c1e08bc0ea22e71a1d,brian-team_brian2genn
492,86b12a5e59e33769692978aeb35f001aef3a6d36,brian-team_brian2genn
493,86bd5ca7f5b98a34a12b3b1997a9f84d1e207379,brian-team_brian2genn
494,86ee2cedadc7d3c8f67422fcd7629f51b10e7652,brian-team_brian2genn
495,87391f28b4646d664b7a21fac43399a1f10e33e4,brian-team_brian2genn
496,8763112de7036003f90f9af45662c23d459328c1,brian-team_brian2genn
497,8773bcd3202d50c912ef6857d8d4ba078a030587,brian-team_brian2genn
498,8796060b852f2f4e13471256c9c465dac16a404f,brian-team_brian2genn
499,87b832b056a2cd7186af5e8aca914f005e8f10a4,brian-team_brian2genn
500,881ad37d774fef7bc5fcb93c9d7d7982b3c95c1b,brian-team_brian2genn
501,88e57202bcb869c083bf762ddd20c02b9a7b9849,brian-team_brian2genn
502,88ec2f7a83f09e73ff41634d4eb88d00142cfaaf,brian-team_brian2genn
503,897fd0ab83e75018f0b5e65ad3d8033ecce6b368,brian-team_brian2genn
504,89bb39060bbf3158c2718e4299adda97c3c0836f,brian-team_brian2genn
505,89bcb6d4e3f23337d77da465893784a4d19c2193,brian-team_brian2genn
506,8a481b090b60d3f8f1203f67dbedada68a651e65,brian-team_brian2genn
507,8a49c030bc8655644cd7d1850f473e09e4ce30f3,brian-team_brian2genn
508,8a91f013d059bda3f0e2e0c04f7d600532059d3e,brian-team_brian2genn
509,8abf5eb681c13e041a354a2652cf22e5bacd7b44,brian-team_brian2genn
510,8b16b7a2d6aec80963b95dd611ccb56960877eaf,brian-team_brian2genn
511,8b21727e3082599dab458ecbb5e2de4d3849eb30,brian-team_brian2genn
512,8b40bdf3c2f13e74820835ee3990bd8618081d82,brian-team_brian2genn
513,8b5b37c7b148de9383b017310628f7d8df13e6db,brian-team_brian2genn
514,8b9a82dc658341f8129bfa944f712be8de05811e,brian-team_brian2genn
515,8baeb765f8a1eeaf7957ea9872f37571108a3dde,brian-team_brian2genn
516,8bda836e8928f7293d84f9e44438745efbbc572e,brian-team_brian2genn
517,8bdb8f9c9fc41b47d96c37a27ba82721f36cfbbb,brian-team_brian2genn
518,8be4b472334e1fc470c05439fe85de3d8418ce97,brian-team_brian2genn
519,8c6da48b3aeec9dfdbf30dc0fd5c7c517e8aecc7,brian-team_brian2genn
520,8ce422b6b623c1948fe10087052572d75b6741ad,brian-team_brian2genn
521,8ceb4be49b5518b14ab858358c3d5738146e4783,brian-team_brian2genn
522,8cf55262bcfdade090ec415fb4a15bd677bc6fb6,brian-team_brian2genn
523,8d01ef3ce4b0a803b82c672f1e2e24a4242cfbbb,brian-team_brian2genn
524,8d548ac805e3b18502f8930c6ca3bb4610986d37,brian-team_brian2genn
525,8e09a2decbc838829dd2ed518f81799e1b3ca1ee,brian-team_brian2genn
526,8ed8d15e665d908b6227817b6143e2ea350baa32,brian-team_brian2genn
527,8f7493023ad0a0bf417dd047ae43ffa32375e676,brian-team_brian2genn
528,8f84fbd9991290560dc1b17b3c1bc556a90e1712,brian-team_brian2genn
529,8fb5488bd44ddcf2c3fe7c1541d45d9b80168baf,brian-team_brian2genn
530,8fb718ce3ba34c69a24205df88b1d7e9dd69bef9,brian-team_brian2genn
531,8fcee4d962089d6e6778ff71c82659a47e2237ee,brian-team_brian2genn
532,8fdba14ca25415b43c841f677749506e817290a5,brian-team_brian2genn
533,8ff89a7c612115bb12f30c299fcc289a2761297c,brian-team_brian2genn
534,9011cf6c7b8c630a809675ac9aca5a00fc3a5580,brian-team_brian2genn
535,903d2abebfa4f51f5fc005b1d5cb106807839d0a,brian-team_brian2genn
536,9042274bffbb6c3486731c1a65c8137db663dfc4,brian-team_brian2genn
537,90586e5d4e1cdd1eeacaf8e2aa27d989154a1af7,brian-team_brian2genn
538,90c09b8739dc8075bf2f20354949997a03b313df,brian-team_brian2genn
539,90d757c7c931fe1097b24f84da3308e700b48ffd,brian-team_brian2genn
540,9185c3a0c83ea2bede4007c60376b32424bcf5bf,brian-team_brian2genn
541,919484a6dc1f45858b48f9b34327fa305bc7a275,brian-team_brian2genn
542,91bbe5d2259ad7d9907afe01edabd52d877062cb,brian-team_brian2genn
543,920bd280d2f1f8086cf77bbbf82b5fc6a5c95d1c,brian-team_brian2genn
544,9217bc10849e929cd48d6c873499400be44d25cb,brian-team_brian2genn
545,92330ba6a5ddb47c90d553facd49e62a2e35886e,brian-team_brian2genn
546,9259a9a4d20c219534b72b39003132687a4ce8af,brian-team_brian2genn
547,926fb8d04870a45fb9a6771eef8e7644ae7db620,brian-team_brian2genn
548,927726837fb937812872a7e3a315dbca794f4336,brian-team_brian2genn
549,928f73884986f303b3a6745c4d91b71fd9a68452,brian-team_brian2genn
550,92a72d7edc8e2fcd66d6cb997a5f4598f3bfaba8,brian-team_brian2genn
551,92e4139ac5165b86723d011fc0414feb8ec22ea9,brian-team_brian2genn
552,9314b8cf2870807dd815812df0773e006a53bb21,brian-team_brian2genn
553,937219923aa5a640db4ead3d5f2a5d42b9a8e30c,brian-team_brian2genn
554,938e0ba05b7fb55374487bf26305737512e634ba,brian-team_brian2genn
555,9450b410cc69a4e42d6c0d7d43dc94106f6ba4ad,brian-team_brian2genn
556,948d9f8bae8fae5b03564cfc68d89b54a779fe95,brian-team_brian2genn
557,94a2512b5682a2a8faad44f63e2897fd15314334,brian-team_brian2genn
558,94aa5e58bc1c740faaee9e2051c2ab98eba8b6bb,brian-team_brian2genn
559,94e801cd7fd5a80f99049313e059ecb78a422bf5,brian-team_brian2genn
560,953cf88f741f679afd597eeb8f46bfe59163f834,brian-team_brian2genn
561,95abed7a0c0efe3bd514311fd862094f10d179bd,brian-team_brian2genn
562,967c003f6fabcb697390a7127c5f97fd4fbcd5b1,brian-team_brian2genn
563,96824d8a6b25e838cc044580a744b93e5f6f2aca,brian-team_brian2genn
564,96bf5da6eec49d9e07cc45300fec20b732df4e6e,brian-team_brian2genn
565,971d160dba9a514941294392291b69af0fbb9203,brian-team_brian2genn
566,974ddcbe001aaf80d859f290f3ef61996fa10198,brian-team_brian2genn
567,9787af8b71fc2b81bef0120fed842da90b9f95dd,brian-team_brian2genn
568,97a8a747388f18e85973fa574fd83df69885a0ed,brian-team_brian2genn
569,97c6c32472132a997ffa23039f2bfd82bb92f103,brian-team_brian2genn
570,97e7c1621e51bfda880f2b895d31c4b7d5c5325b,brian-team_brian2genn
571,98236041804e86ef0caecce4f59caeccb156d691,brian-team_brian2genn
572,9834a643348c4265d30fe0f65bde18c89b7fa854,brian-team_brian2genn
573,9855b97794b75d340fc70c05ceff81c7705f0032,brian-team_brian2genn
574,989f1dcf434c14e6285dd3f17f21ecb0a94611a5,brian-team_brian2genn
575,992c0f5acc18bcd5a649507ce3c9a1bb559bf04b,brian-team_brian2genn
576,998eb68b2b3b543730de51efcbff8bb059d10cd7,brian-team_brian2genn
577,99bedb3ff7f1e1ae1ca19aed05ebeed961957563,brian-team_brian2genn
578,99c5e679b2b2ce61fbd2c50dbf8aa3784b69ad43,brian-team_brian2genn
579,9a1a3811eb2edfd0d6ae43b32b77997786f82035,brian-team_brian2genn
580,9a1a975873692f39de1ab4e15798ee51a82f1ef6,brian-team_brian2genn
581,9a4e0c4d2601b04a973dbec5a56fda68baeb54d9,brian-team_brian2genn
582,9a853d6c7a946fd8c815ed3ecb927e593c924b94,brian-team_brian2genn
583,9a9dfa771085b687561d43f8b317b1cad306f72f,brian-team_brian2genn
584,9aa2daf0d33fa04de6ff8506e482db5992e26020,brian-team_brian2genn
585,9ac0780b28eb3da9d397fc764fe2fbf003b6de94,brian-team_brian2genn
586,9b03de5002f0bb587dd3a0c9ad1b57a86f3a1888,brian-team_brian2genn
587,9b406a858ce9d6cc2af8313319a2cec88c93e385,brian-team_brian2genn
588,9b51c430ef44306876a7ea6471a0138a9fc79b71,brian-team_brian2genn
589,9b691bc412563b51fb574c990737d82641faf183,brian-team_brian2genn
590,9b7caf765a6eafd5134cd47c8f9acedb1dd06570,brian-team_brian2genn
591,9bc75544e4efd3be51d26d327aefff4fbd1e5724,brian-team_brian2genn
592,9bcd610786ecdaef25926696f0a178eb647fb5a3,brian-team_brian2genn
593,9c53c2404580ac45313c851795feb59a1fdfafac,brian-team_brian2genn
594,9c5a1b514c728f92c2b98844e5a7d6bbe9945cce,brian-team_brian2genn
595,9c5aecbdd52cb0ac1b121849f830e34482a480f7,brian-team_brian2genn
596,9cb3c8a81be3650d87e44dc943fd7ba47a1be6b0,brian-team_brian2genn
597,9cc437f5e07d5fc36419559efc1158b4a4021d87,brian-team_brian2genn
598,9ccc0552f9b554c0fb36b2434dcc6f4338451a5f,brian-team_brian2genn
599,9d74d42bea4dd6676311f4f17dc113b66d0f0b7e,brian-team_brian2genn
600,9e033c7813d6b47af100ac45ecbf50e3867abf5f,brian-team_brian2genn
601,9e333067187e08aeac6122ffdbeb12f7f1014b8a,brian-team_brian2genn
602,9e39b466b4608f87d49d0e3712c94cbaaa557ef5,brian-team_brian2genn
603,9ebed0e81f1502f6580ca53ba6dd9165e4a8c186,brian-team_brian2genn
604,9ed5dc00b10569c242aa8d4eac25ad2b222d81d0,brian-team_brian2genn
605,9eee0cabd126fb649b89ec6eacee85a517fee5aa,brian-team_brian2genn
606,9ef731122f9c0c34fd7388a688f046e646ef1fb1,brian-team_brian2genn
607,9f030ca9f8e2624f16912a2a64b9b884adb87a0e,brian-team_brian2genn
608,9f296fbd8b8fa6d4bbf0b7d73ff3ac415db3247f,brian-team_brian2genn
609,9f29917a32fa91f59cde7b7a77bcfaebee6b145f,brian-team_brian2genn
610,9fa9062289d32b311359f382f9da8bbbdaa3a4e5,brian-team_brian2genn
611,9fb6435824bbd132b447abe091305c8d7feaf7aa,brian-team_brian2genn
612,a00d75961c9eb95fcbee5c05bbf8cc7602c86765,brian-team_brian2genn
613,a025618b1bb89dc0d1a1f37cc4264463b7f88fd5,brian-team_brian2genn
614,a0744f9448586140cfae5f3452f3e7326732207d,brian-team_brian2genn
615,a0ad153c90004d58018c319641a2f8caced0f6ea,brian-team_brian2genn
616,a0e9a44f4b8961764f1eeafe54c8108db564fc04,brian-team_brian2genn
617,a103cc11a443ebfd1a2f0ebde85b7c013fefeec4,brian-team_brian2genn
618,a14f564ed7848e9d7bd6143eadf4aa86aaa60e74,brian-team_brian2genn
619,a18f2876d75e225433eee18864104006cd57a326,brian-team_brian2genn
620,a19f7123c062f8a4287b7cc0961e5f547addeea0,brian-team_brian2genn
621,a1f83d7b8c6c1a1bace6ba23f554324d379e54f1,brian-team_brian2genn
622,a234fd9ea455937d6835ccea392bdc969eff7a31,brian-team_brian2genn
623,a28aeb640f66bf63d44e4aa380590827736bc710,brian-team_brian2genn
624,a308dc4c229555baeb457afbfad9feafa072bf58,brian-team_brian2genn
625,a384fd2abab1ed00d8771b412067ab210ad88f4d,brian-team_brian2genn
626,a441585a976811790e97fec9432bfa89b02ffda3,brian-team_brian2genn
627,a45738ee9befd83855973dd3ddee236086374958,brian-team_brian2genn
628,a49c56c1cb04f3d63e148447410e4af8d0b010f2,brian-team_brian2genn
629,a4a7dbe2b20f29638b97fdac7d00ffeacf1c511b,brian-team_brian2genn
630,a4f0e52d6a75763702560cc4412022ce04191366,brian-team_brian2genn
631,a4fae28978a7e0b2da2567c67e347607403dff44,brian-team_brian2genn
632,a59bb872803da86977d67fac8c52af2c81a1ea23,brian-team_brian2genn
633,a5c29181b8403ac3ff3ebe37f24341c4239cbb67,brian-team_brian2genn
634,a5c327749e6d9f4374ee0b3884a5904544865bf9,brian-team_brian2genn
635,a5d5d0c628a29a12c947c7e092dfb9e8e4e79d07,brian-team_brian2genn
636,a60cea6f3b818677367b230ba98d1a4289a83e76,brian-team_brian2genn
637,a6388efe154327aa09ebf880c0e40b53dcc9e8df,brian-team_brian2genn
638,a63f88c95e3f3efd5efae5bb083f31e370b2ca20,brian-team_brian2genn
639,a645ffca66eda9b3b94e5a3c65eaf7acaf330c12,brian-team_brian2genn
640,a67d3ea0c2b529338dce4adbe22d88cc0e1554f4,brian-team_brian2genn
641,a693d9b04a5a025368c2b451da028a86cf0cead3,brian-team_brian2genn
642,a6ca9e9036fc18b74c7b5243e0044e463cf5fe7d,brian-team_brian2genn
643,a6df13f0123e1389a437fa0e8e8208abdc5f5064,brian-team_brian2genn
644,a752245db2e1c2b690b6968a1c00116c86fe83dc,brian-team_brian2genn
645,a899f33e2e43cec19cddbf1d63f8bccc24cb61ee,brian-team_brian2genn
646,a8be91bfd7d998fb4e2c51743b66204affbd95e7,brian-team_brian2genn
647,a8e990c84c812f10196985f4f06ec18505b01a43,brian-team_brian2genn
648,a91cc0055535403089b7ccf9399c9530ae3d8622,brian-team_brian2genn
649,a96b70c6a64d0a84f47cb2fcf477297215eb0bcf,brian-team_brian2genn
650,a976f1f7c82e39d020be84b15226f5c35033dea8,brian-team_brian2genn
651,ab106f9f8b4704dfbfe64a63646088f25a112b01,brian-team_brian2genn
652,ab49edef47a573e68db68c6ded1b80a730c68615,brian-team_brian2genn
653,ac110785496c8093e12f162a478e1634e077f3d9,brian-team_brian2genn
654,ac1d33ca9ae887f6ce8fd0da822ce0cbb0aad669,brian-team_brian2genn
655,ac3a201af1e12f4bed84582f743c85c40cddcc32,brian-team_brian2genn
656,ac423855e873dd000968665ee39412a25d1fc82e,brian-team_brian2genn
657,ad3458a64d37649d8c5be658a6236ea75aaef0ad,brian-team_brian2genn
658,ada56aff2d99baeeeb038d832b21e37fd08296a0,brian-team_brian2genn
659,adc3b7e6981a9cd617c47303607d0ee730c9ea15,brian-team_brian2genn
660,add6398c2b458dfd225ac508f72ef62ccd84762a,brian-team_brian2genn
661,ae585b14126b18706cfae93b25d7754fa17b3975,brian-team_brian2genn
662,ae8d0f8590055e1f0ca776a905cd655712af88cf,brian-team_brian2genn
663,aeb687d5bdae15e2be2ea2b136d23377af13cb38,brian-team_brian2genn
664,aec3818966b5d28d6f6cb0263f5f881fd0f82978,brian-team_brian2genn
665,aefe5cc4ccef859971a5e18a9fc8b1dbcfe9e56d,brian-team_brian2genn
666,af141db60524d3e548441ce22db54f3d6957f2b4,brian-team_brian2genn
667,af2e7d29c6971de37d246bd73e14149ddac3db15,brian-team_brian2genn
668,afa9525dcca3d91b8fd56cc6d184c06620f48556,brian-team_brian2genn
669,b03725f7f23fbdcb6f217e0f1758a550ec9bdb91,brian-team_brian2genn
670,b039c0603315d67a8d5af0417297de9ab57fdcc1,brian-team_brian2genn
671,b06059accb4c843fdefa93dbc6b4d668c801fb96,brian-team_brian2genn
672,b07f012138b44b3a3e385bcd14bd5a0c4573dc1e,brian-team_brian2genn
673,b100879f5865288db46819cb36042d2c2ebc93ae,brian-team_brian2genn
674,b1415c93e64ce09fd94dbd8387d02af010878f67,brian-team_brian2genn
675,b143c36c50faf96970d18aeb0df674dc04c4972a,brian-team_brian2genn
676,b1661479328f57a4e915b43d132e0870523cc421,brian-team_brian2genn
677,b17ebbc08a6f5c740071441e269544811b77bf3f,brian-team_brian2genn
678,b19aca344e8c6bdabe07433dbc55ff8d1da92061,brian-team_brian2genn
679,b1b84e971853417ab3167c0ce42ffa9a4626d02d,brian-team_brian2genn
680,b200864ad5b973fe71b6907ccf8150701f1367b5,brian-team_brian2genn
681,b200c8d208f51dfe4cb81d9895042bcae92dd537,brian-team_brian2genn
682,b24bfbcaf6a292d24799f090ffbacc27b156d005,brian-team_brian2genn
683,b28ea1fd805d917fe232071022f7a80817b9cc11,brian-team_brian2genn
684,b2bc56315ec46bbfc9033df85bfa57388b9e6f3b,brian-team_brian2genn
685,b2c6acc1889cdb833ea9c5e347f63f791348e2d7,brian-team_brian2genn
686,b395f4d106b4820fcdb50433983751d5dbc8203e,brian-team_brian2genn
687,b3ec1815ed08e0cf22445a815452417703c4aa21,brian-team_brian2genn
688,b3eeb1e99adb42a0c9f8635ab707bd889e946092,brian-team_brian2genn
689,b4296432b2529811887e69d6905aca635c7b6692,brian-team_brian2genn
690,b495a2691b3f065f7f22ba566276864a4ca9ff94,brian-team_brian2genn
691,b4fd466adcc3e8173e591950cd1995f253fd4ab9,brian-team_brian2genn
692,b540aa185a430dbd898e81e13f518326529f2096,brian-team_brian2genn
693,b5640c61ae635702a2a08f4b9a4a7263f3563e94,brian-team_brian2genn
694,b57a0a0b4774020d522c6ef13252d722e7a81048,brian-team_brian2genn
695,b59b8d16ca47a370a5de0e1e50f1767e40729a16,brian-team_brian2genn
696,b5d3cba85e4c56244c57c702ff278772c829da10,brian-team_brian2genn
697,b64c7ee936fc713cd1181d961371dbefae54f480,brian-team_brian2genn
698,b661baeb42fda9df90d32da7b4def07dffc863f0,brian-team_brian2genn
699,b6d94937771d4e0d967cbc93806455cb30dba8cf,brian-team_brian2genn
700,b718fc9bcdd7518aa93cb8bc9ac009333b3f8c18,brian-team_brian2genn
701,b7bfd99d4bcfc2e9868f8fa42e7df79e6476f519,brian-team_brian2genn
702,b7c589f25f290ca84ce90646f4b089c9d99f2787,brian-team_brian2genn
703,b7da37c86daf759bd8788b49f1568338d79ebc1e,brian-team_brian2genn
704,b8122e159660ae5fb02ec5336fb05f717f4c6737,brian-team_brian2genn
705,b814a3414da643fba4748a5536282465ee3133e2,brian-team_brian2genn
706,b8162abdd583ee4e643781c32a20d28553748f7b,brian-team_brian2genn
707,b86a6cfb0629c989d879c5c385bcccf8c2c63cfe,brian-team_brian2genn
708,b8a1c19d753669ebde83c2f886ee4465d1b7f1b0,brian-team_brian2genn
709,b8ed235e7c235217e24867ddce9730ea9d1fd8a2,brian-team_brian2genn
710,b8f2cf450c55e92415a87338a48bcc6b9cb8365b,brian-team_brian2genn
711,b92d947b2c53a4b06a79b06e77aa9583d36fed71,brian-team_brian2genn
712,b954406100761e99a44f9324d6b77ab4a31a1a66,brian-team_brian2genn
713,b95b3193aefcea8cbc5a7f8e3436ae4394bfa94b,brian-team_brian2genn
714,b9ded1ccada04066cfd1011488bc0dba07708209,brian-team_brian2genn
715,b9e87b0422dc5e08d1ceaca6bd9d84298fbfc06b,brian-team_brian2genn
716,ba056a279fe0206cb97da408377e0672b210cfca,brian-team_brian2genn
717,ba2beebf6190640a15cc0d73ba0cba640247e4eb,brian-team_brian2genn
718,ba5af670e3ab550a10b7bbc736ffb0c0523620f1,brian-team_brian2genn
719,ba7a5134066e81331763ed23fc9ac23082dc1447,brian-team_brian2genn
720,bae4692a16bbe95a4297ea51e785139a59f4bc45,brian-team_brian2genn
721,bb52b20aec3e813a2ceac3de6f349ec47da0fd08,brian-team_brian2genn
722,bbaf9b6cf6c80eb84e6ff92f9009af91bed839b8,brian-team_brian2genn
723,bc597ad29b6487dfff3c457e1138470cc1bb4504,brian-team_brian2genn
724,bd831dd75f0f0f3d183f06e79b2c9a1f6ba59738,brian-team_brian2genn
725,bd9d70ea91031bfecb95541e0540cdd59e59d414,brian-team_brian2genn
726,be9abd6800c07bf500c06a7ed2e5c22d876153e3,brian-team_brian2genn
727,bf0304ae6496c6961840f3c1d5111d3d0c5eccd8,brian-team_brian2genn
728,c0646b6fec138af80fe06ad481fee7638a5680df,brian-team_brian2genn
729,c0717946f5c885fe344ceea46bcfb552adba8064,brian-team_brian2genn
730,c07b784efd03cd073c6d559ad1437449906738e0,brian-team_brian2genn
731,c0988b721603c3ef007bed2f26bce00cd5741474,brian-team_brian2genn
732,c1e656d1e4566acfd505fa9a62213e3e0b66ad7d,brian-team_brian2genn
733,c28ef3c9e6aad3d6d7a5bd9a2c31c2d9d389ed0c,brian-team_brian2genn
734,c30a2df3b8c9ca411f6c8f621b021d9a4bd9a062,brian-team_brian2genn
735,c34be36b6066e1f9f01835d65ed54f3730da85f0,brian-team_brian2genn
736,c3510232038bcf0571549f37f54c1c2bad36cfe4,brian-team_brian2genn
737,c37b6c99da7470599200a2589ee49800b4f65d02,brian-team_brian2genn
738,c3b801e42142761e812e9be04463c168f99cb9ba,brian-team_brian2genn
739,c3e02a5f889993bb04de6cb15fe65802c205be5a,brian-team_brian2genn
740,c5003634bf184102269cf0f4aeffc1626866b9b5,brian-team_brian2genn
741,c54733374f10e25c373117d5f61f69babb3121ac,brian-team_brian2genn
742,c56621a185a66132f449667ae78ce55bc0e1702c,brian-team_brian2genn
743,c5acf5e90ad3a2ac00d25e92c4a1d3c7c62d303c,brian-team_brian2genn
744,c5d842be0f92ce8a9ad71352c67ca98dea47a572,brian-team_brian2genn
745,c61fbd8c2e2ce8cdc5b2e556a26e4453be2c3598,brian-team_brian2genn
746,c63f5db156eda4e8ed561bcc2d7cbd79c797873b,brian-team_brian2genn
747,c672ce5d9593439a82865c79c406aacfcb6b3563,brian-team_brian2genn
748,c699e0702f8183d1de2e2f29a2fc818986c82170,brian-team_brian2genn
749,c6a03b2fdb7d83003dcee31c818cbe5972fbef7a,brian-team_brian2genn
750,c7135b38ba0e53a7a45ad6dc2c439e7f2ef2781d,brian-team_brian2genn
751,c71dff3543ec5dacbe5941975b0e7fa59bf2d7d8,brian-team_brian2genn
752,c73f865cb0b56f86f87bef2a7b68e9b319e7014a,brian-team_brian2genn
753,c7aafd917bebd748e1c1c87e4b28eeb8a487919c,brian-team_brian2genn
754,c7facfc184a1d5331c02a609a30d93c17c2351f6,brian-team_brian2genn
755,c8b59aabff11d8ae83f9a6d80cebb80f6c90d1a5,brian-team_brian2genn
756,c8d635925969c223dd75448c9bec3d7b4905f438,brian-team_brian2genn
757,c901f94e18c5e803e4c5fed3ca5fc8533479389e,brian-team_brian2genn
758,c92a2f8f5edfd812c37d55c8eca6f912af747161,brian-team_brian2genn
759,c9446265e12f00ee5fe64c42a92dd4658770c81f,brian-team_brian2genn
760,c95a6d5b8d56995d915a2c1efed012110dd6384c,brian-team_brian2genn
761,cb517d84582d4752073aaa8d0f3e74b7bd51bb91,brian-team_brian2genn
762,cb669ef27942523a358d90134bbffb9a063ac92c,brian-team_brian2genn
763,cbc0f5818c7a8e62f4abdc53e721d1ae46d4a90a,brian-team_brian2genn
764,cc2afa26ae57f86439b6c2ef50b89a14279ea753,brian-team_brian2genn
765,cc48b3ba65dd69860dd5b2a39755a83503f75d84,brian-team_brian2genn
766,cc8ff7a206d1b185433a0178bfd6e452122034b8,brian-team_brian2genn
767,cc96cb0d7d9eb596024f07810d6be1ac99371c2a,brian-team_brian2genn
768,cc9e49dac97b20297ad0f94591c6aaf00e34cbb3,brian-team_brian2genn
769,cca915aa21c1713dd25cdb9ef33f6bc898d165da,brian-team_brian2genn
770,cd679ae250894721a965d3bd0aa799b737a649e9,brian-team_brian2genn
771,cd68d3c0b3c12e73bed90a981263f18d41f5f098,brian-team_brian2genn
772,cd8f1982e0ab92ca840854a92370703cf1c121af,brian-team_brian2genn
773,cd99d8368e50636c4c4bbebf570adb134819a418,brian-team_brian2genn
774,cdb5172fab355ceb7e7268b2d7ce61b77686f992,brian-team_brian2genn
775,cdced83bf3dfb7fd77cb454fd83b9ac6e821de1a,brian-team_brian2genn
776,ce919bf2d2cc85f51b03cf80ea492a26fcada87a,brian-team_brian2genn
777,cec78cb626bfe02e018c86c5d9c570812ff99a7d,brian-team_brian2genn
778,cf31393896c2e63c4f2efc8419b5919530bd23d4,brian-team_brian2genn
779,cf544ec05793ad198b3f1ea5cf629c010f662076,brian-team_brian2genn
780,d00d9e6cef2ecaeb509e0f5bc20fc930eacba551,brian-team_brian2genn
781,d0566383dd70a1d24f881127444d554780eee1e2,brian-team_brian2genn
782,d05a50b1fce2a323edb8c1bea52beeb764ec37b3,brian-team_brian2genn
783,d0a4567817207174f01a6b95f66239ba65582dc6,brian-team_brian2genn
784,d0ee65433d2989cabcd502b56478e2826b0f4c39,brian-team_brian2genn
785,d104785f6557f7880c5b97c8b09774f83806fcfc,brian-team_brian2genn
786,d10cb854fc435fe6307dc817cf7afe1bf0a5a624,brian-team_brian2genn
787,d13d5ab4f49c47b7d98976acbc7f9e453b85cb41,brian-team_brian2genn
788,d149946cd7c2013bbff0489ef74eef1dac2ff3ac,brian-team_brian2genn
789,d16290a28b9154d85bddd73ea6a4191ded32ef62,brian-team_brian2genn
790,d175185fb282201b8e3d1fcbe3e12695620c2472,brian-team_brian2genn
791,d1f7279c0ccde5d6aaf4af999e9f646113341b3c,brian-team_brian2genn
792,d2733a8f558b186173952b44564205f7a4212f7c,brian-team_brian2genn
793,d27b577fdffcb87e7d9ce2e805fe58b5279e2173,brian-team_brian2genn
794,d28b6497a8c658ca3bddaa306f022859e58b6000,brian-team_brian2genn
795,d32c29c6651d23cde6f99b8a8337411a94349b9e,brian-team_brian2genn
796,d3647058b1a06dca77f2e9eb478417ff8c73bf25,brian-team_brian2genn
797,d395e44101ad7d22c054362c2f2b72a4078f0b9b,brian-team_brian2genn
798,d39a05901b3da1a16effe5433be9221b085d51f8,brian-team_brian2genn
799,d48eb85c26884feaf305b36aeccaed01a5442ea9,brian-team_brian2genn
800,d490d6edb26b3033d415678ab159ab692ca1178e,brian-team_brian2genn
801,d50b8cbfb0d21eae01ea401dc1f636943b37d58b,brian-team_brian2genn
802,d539f1463c8e6ac86b784f2cf5e4a5c9b9d31cdc,brian-team_brian2genn
803,d599278f4c5902a1b98c5e64351ea7cfab6521be,brian-team_brian2genn
804,d5c0ac7a50f80e4fb91f8f50b02232f9f2b378ff,brian-team_brian2genn
805,d5e9762f62584fd64742dbcfaf604efd0963ee76,brian-team_brian2genn
806,d638c787ecff1ee2aa50c82139e296a7ec7a430b,brian-team_brian2genn
807,d639dfd8b3a1734eb7a0a46bbb83388852d49d38,brian-team_brian2genn
808,d63e2b73140460b46f413a2cb987cbdd632752eb,brian-team_brian2genn
809,d680feeb5a1578b894703ef093274fd6307b35f0,brian-team_brian2genn
810,d6d474d278cd11ec2a24f42eedda85bb0fe5a8c0,brian-team_brian2genn
811,d6d64fb4e6bd0e8bbdac4551d4711f03b4d79b9c,brian-team_brian2genn
812,d7587f332f9a23c09be75c27e88478fedc037224,brian-team_brian2genn
813,d75c08c89f1823fb4e9b793e3c631a3b90323caf,brian-team_brian2genn
814,d76149f1841010365c2600cf1da685b7fcbedd47,brian-team_brian2genn
815,d780e0876a85e10489ce8b54b11114d8f21c29fc,brian-team_brian2genn
816,d8212fd3e39e9b9cef3d595931aa0b3f05d6c937,brian-team_brian2genn
817,d82194e76878f92f63dbc5f73125e4318474e2bf,brian-team_brian2genn
818,d821b1e11997672e45d79a7f65e0c3a2b7958104,brian-team_brian2genn
819,d82c4aeb8f9a220e940152d3c14b251df2a9d126,brian-team_brian2genn
820,d87ca33c2076899ddb75dfa52c92b6ac608c1297,brian-team_brian2genn
821,d8d3ab3da3a5525eab464fee4253b17e73967276,brian-team_brian2genn
822,d90d3b44fe78aa46dca192c64ff43bed349e0bec,brian-team_brian2genn
823,d9165d763080f39a2a04a6af2e05353c3ed3da59,brian-team_brian2genn
824,d93005b55c2d06cdd6d0cd592f7959bd6e8ae344,brian-team_brian2genn
825,d939e754584e6e3bfb8f0a2b0ee4486136040b05,brian-team_brian2genn
826,d9c1f1609632e9c7e4cc85b1099e083d416f78ba,brian-team_brian2genn
827,d9c2543da89bdad574be2475eebf2538b13bd105,brian-team_brian2genn
828,dab34ae475908bbc226780a99c1bce3a6bc7e596,brian-team_brian2genn
829,db72d9a8877b3edc25989fe869e3859a10d2e2f4,brian-team_brian2genn
830,dc839f96506fcb0fc8385e4f4d077712a7e1ff5d,brian-team_brian2genn
831,dd9296de7058127e6bd5ac5490630fe3d5d1a2a6,brian-team_brian2genn
832,de112ece3c5edd5455a14fa25a4a1827c8dd434c,brian-team_brian2genn
833,de628a769e43a6896dd0d28ab7b3630a2e5e7850,brian-team_brian2genn
834,dea2832fe36baa76b8dbf1e7faa8034f3e611d49,brian-team_brian2genn
835,deb71f826b42238ab62e32e766d880530ca88f8b,brian-team_brian2genn
836,deea9bb9f4cd1824a13dadc29b257478b6138f82,brian-team_brian2genn
837,df9774cf4066c86d7159d67debc0dd93f12a4a0a,brian-team_brian2genn
838,dfa51c20b9db062d9c11a30de9628228286739d1,brian-team_brian2genn
839,e02a54ed6954d2665712857686fca2ae31518860,brian-team_brian2genn
840,e051b327532634e472a9728b55639a4d21d89596,brian-team_brian2genn
841,e073be731b3fda47351136bd2a0b41825e3a7f9b,brian-team_brian2genn
842,e07f7aea71e587ee4157de101718ff835bdbca94,brian-team_brian2genn
843,e0ee558515782eba644223cdecf49b6a705f3f40,brian-team_brian2genn
844,e1a68bbde1d7a8c50993d1a5fd2663ca6690bef2,brian-team_brian2genn
845,e1b2906956f872b4c44545da86d0edf5c4672fe1,brian-team_brian2genn
846,e297665add1b4adcb24afdb3e6d0cca67da7497a,brian-team_brian2genn
847,e2ed8567cd2610121ee071ceebfc7016fce0b855,brian-team_brian2genn
848,e2eed3880dd1ee68b3ac13696beb4194ad726ab5,brian-team_brian2genn
849,e3023022470542aad0c697a17d7a43a24a905b57,brian-team_brian2genn
850,e388ccdaa872ff2ac01e99a6e0fd2206a4105864,brian-team_brian2genn
851,e3bb67a5f0112f91f26beebd43a6bcd209774c4a,brian-team_brian2genn
852,e3cc8d9a14103ca6eeb6a93f4095f2014a787211,brian-team_brian2genn
853,e3fba72f8c616a6893a62ebb36a6f2f9885937a3,brian-team_brian2genn
854,e427b70e2cbbbcb5b8c173b3df2f15f2437d94fc,brian-team_brian2genn
855,e48dc495f4c9ed56c788e70c267ae3fbd9d50537,brian-team_brian2genn
856,e55c683109a263b9eac05d5f3ceb36f2abe1d3f4,brian-team_brian2genn
857,e5fc18b63f3183ce3c3b50eb2de97af9f372df24,brian-team_brian2genn
858,e6acccccf09d9254736fe800fb3f44f84f194b4d,brian-team_brian2genn
859,e6bea38470862c70d9a3f460c714d21bf9edae44,brian-team_brian2genn
860,e6c04a71592af404dd2043f6e8f86f96ee8d291e,brian-team_brian2genn
861,e70329f351d00803a1ddef10f7149d1eb39439ae,brian-team_brian2genn
862,e76df993ded19b5292d62a811932cfb9ef8d4235,brian-team_brian2genn
863,e7966b17e3f3b9228341cd9badaa1f0a8799a2ad,brian-team_brian2genn
864,e7a17ca3cdad2d7fbd9b4248adff7d7950361cf1,brian-team_brian2genn
865,e7dea4c8f8cf82ab514f772ff3d5e952da0fb6b1,brian-team_brian2genn
866,e8001d8d05f8494059259f51d2abe944be2ff63d,brian-team_brian2genn
867,e861342dc00d13ee4842d638bf8f796e796094d3,brian-team_brian2genn
868,e877ae82fedab6fa640e55e8b46f923199c36afb,brian-team_brian2genn
869,e87d6445364da41e1082db8e58bfe55a8709d5ef,brian-team_brian2genn
870,e8bd022aedcfc43b2c92fa2c0c2da184629f9b76,brian-team_brian2genn
871,e8bee7f10da29778f7dbe268846d895256ea4626,brian-team_brian2genn
872,e8d3002afecc4141f63794aafac4a64eef95c8e4,brian-team_brian2genn
873,e912ff131d0cfa4926b762cb45b8ac0b10ec716e,brian-team_brian2genn
874,e9823585f494c68538a7872ba6bbd669531bd933,brian-team_brian2genn
875,e9b5f637ed2cc0fe463942028ff7902b44ebda4d,brian-team_brian2genn
876,ea14957e7f931ecbc7043ff5a4b3dd279a0ec9d5,brian-team_brian2genn
877,ea31559140cc0082b946eabb369d9fba47dfeead,brian-team_brian2genn
878,ea402bba7f631d12a95baf74766c9c08cf17efb2,brian-team_brian2genn
879,eaa9430ec88382b272d2f945414bf53719dc0ec4,brian-team_brian2genn
880,eaaeb70fbab45a7315bb4048416cb5cb9007a3fb,brian-team_brian2genn
881,eab295872ecb74c2c1516be103ce48f4b31cd6e5,brian-team_brian2genn
882,eaf66c1ddde127149784ff10253a6eeadcbf8593,brian-team_brian2genn
883,eb34d19d6edea93b87967531c0b00c1e3e237914,brian-team_brian2genn
884,eb63488667ea1feac09888789c021b284893e35b,brian-team_brian2genn
885,ec0015c1d06f4132b5eff3a32a5c28daba34bd49,brian-team_brian2genn
886,ec09d1f15a5be20999a853f99da58d6845d267e1,brian-team_brian2genn
887,ed3908edde4bf843961812f399b462d8872373c7,brian-team_brian2genn
888,ed63ab85f5a813245894d330ffde073e77c02bbf,brian-team_brian2genn
889,ed8947d43faad00d6e48510c684022cf2f852f7f,brian-team_brian2genn
890,ede8101f693c7bf9bcbe7b8c2c4457888194fea8,brian-team_brian2genn
891,ee0a8aa8cc0caf2323107f881e089a0bff95e5d3,brian-team_brian2genn
892,ee26fbf7a3fc83391428c2dc8bc585afec8ecf3d,brian-team_brian2genn
893,ee337629955ec3c9a46e544c1d68106d8037b906,brian-team_brian2genn
894,ee37a89ccc15bbc42dfd3a0629578d3bcddee27d,brian-team_brian2genn
895,eeeced22eeae75eba73f584e66bf1c02e8924e1b,brian-team_brian2genn
896,eef0405ba80595958cf3c246b2fbf94c29b293b9,brian-team_brian2genn
897,ef16a466ecf7cb4638979a090d80cf04c1eaba8e,brian-team_brian2genn
898,ef269934eb7741c606852dc7cec7801a13467683,brian-team_brian2genn
899,ef6c097a0a864d2c93d27798cfba91280a226550,brian-team_brian2genn
900,ef71fde6c36baa0efe7130a346eb471c7971efb0,brian-team_brian2genn
901,efbfdd53e24cea33bd4ee7eeabfaa80125f46293,brian-team_brian2genn
902,efeed6495d70b403b008df1e4212d5b1cd0c14e3,brian-team_brian2genn
903,f0460c6b35b1f68792debde4370a6a4ee2a69cec,brian-team_brian2genn
904,f047277864e7e4212b648ebcaa4dea395105b51f,brian-team_brian2genn
905,f047a03a991e6cc25568ec24ae46cc7fd15a8f44,brian-team_brian2genn
906,f0d25f4cef7e577bc6420bb236e12e9be692bffa,brian-team_brian2genn
907,f19770bedd16144594d44d1dcaa69e3e02308c98,brian-team_brian2genn
908,f1dba69eb8df83a7910aceffcccb0084a0349328,brian-team_brian2genn
909,f218195040303f3e61ccfe9948295aeb8611c45b,brian-team_brian2genn
910,f258d11d703f557a4cbd9e7654959dc13108a4a0,brian-team_brian2genn
911,f2b5d4a0fea9e6ec229815abec782d136eda9fd9,brian-team_brian2genn
912,f2bdd51c72b042e3fd11ec99b03b7bcb10186a4f,brian-team_brian2genn
913,f2de9a7ca548f5d4a4bfcb76d44375dc2ef1f310,brian-team_brian2genn
914,f30cd980411d5a53929fbec0d2a55c678ae40a57,brian-team_brian2genn
915,f32c618f3f2ae11eb8959c1da40bba4a34fa2338,brian-team_brian2genn
916,f374fb1a58dbd4a741ef9f74101a2a4f9e0d052a,brian-team_brian2genn
917,f38909467cfa476fe9ca3c3170a89ffceb8a06ca,brian-team_brian2genn
918,f398f7cb4b157acb7bbd13fb084fff15df0e2240,brian-team_brian2genn
919,f3d6f1e1d1dc671ad4fc954ceaa6684b4354f378,brian-team_brian2genn
920,f3e8b7e2a558597366ff46b8ada8fc247d923669,brian-team_brian2genn
921,f452a8c1a77bd173cfba7f238b1041ca97862cc0,brian-team_brian2genn
922,f4567161111780f5a0f5e27ac0f03645c15730a4,brian-team_brian2genn
923,f5477a1cdbc0e0378809f680a205ac2e24bf9b05,brian-team_brian2genn
924,f59961a989dd28e01a5473cc80a600e84d46c44f,brian-team_brian2genn
925,f5e351fe3bc1bf5e8b27dc29c7d9c02b1ae0bdd3,brian-team_brian2genn
926,f665438d6d041b2cf2b85a2e2dad471f855b6304,brian-team_brian2genn
927,f6866b70e4119acf856adf334b010de9dd025d59,brian-team_brian2genn
928,f6cf2f6ccd4ac2cbfb495a298dec1b1ed78bf914,brian-team_brian2genn
929,f6ea0ac2b4ab8c98b0cca7bbf51f9bcadb4abf75,brian-team_brian2genn
930,f6f19e755d8574752b62063a89f8a6df60aec181,brian-team_brian2genn
931,f70bc0336dc6b3309758c9881a1faeace73f30f1,brian-team_brian2genn
932,f75cc8098281514e27b04b36624693111f81465f,brian-team_brian2genn
933,f77976da84597400d83591ccc7012deec730a354,brian-team_brian2genn
934,f7c8a101358691bef918f208079d35556da7ffd1,brian-team_brian2genn
935,f8037b5377807700d0cc8d384fb49c5f73b84b9e,brian-team_brian2genn
936,f80b924c1ac3456297301ccf247bc983c323b028,brian-team_brian2genn
937,f94c47fdcc72c935621afab9ac0c6c92f375c625,brian-team_brian2genn
938,f95825ec86a122703988b94fdc97f5ac768991cc,brian-team_brian2genn
939,f95ba97ea261d062380e79a2f8849573370d5f5d,brian-team_brian2genn
940,f989dee92c3259544baedac64070f5e13230baa1,brian-team_brian2genn
941,f9e9ea30c7a091f2a4ba2c83768345fa699b9ce6,brian-team_brian2genn
942,fa3c989de9fa659a69babed237957ccb85a77611,brian-team_brian2genn
943,fa441a2a050179a28b906c236d998f79b545468c,brian-team_brian2genn
944,fa983897c4ce81a8209cb9b09b796a2c9e8f01f4,brian-team_brian2genn
945,fabbe0381375a626115831001ad6de04c4e6f26a,brian-team_brian2genn
946,facf2c4ed2c136c2ec5eccc4984225a5e7077cb2,brian-team_brian2genn
947,fae5ebcd1f8d1f897156257d9f08cb9852add536,brian-team_brian2genn
948,fb01a2837cfc4b4c917ac54b46065f14457e7049,brian-team_brian2genn
949,fb32a2258d7b0e1a1e54e4b62e3f5ef6d54bbc49,brian-team_brian2genn
950,fc1fbe8b5f94deb37eb9f7dac5642dca5cc1a882,brian-team_brian2genn
951,fc986a8d6653378181fb8458372b51e8b2d42587,brian-team_brian2genn
952,fc9d3ad42fb8b59daad9975515d15ed8a1d72744,brian-team_brian2genn
953,fd385df9cc282b7a910676d427e5b94d1f2e69f9,brian-team_brian2genn
954,fd439ccc5a2a27163368f2e345d038b771a74f91,brian-team_brian2genn
955,fd606c80a75fe20db50ca690964632172db7147e,brian-team_brian2genn
956,fd63d0341b31cafad4f58506c7c9c1b7f90b06ec,brian-team_brian2genn
957,fd733e275fa77cdc3763eb37f4ece1f75e1337df,brian-team_brian2genn
958,fd77d2dc7de4231c6be9ea7885dea5ea8fec12d1,brian-team_brian2genn
959,fdd1b32bc4f40e5f0ad08b33a4c91cfb09b7e1f0,brian-team_brian2genn
960,fdf621fd419e217810989e3cb1402a75ffc76fb8,brian-team_brian2genn
961,fe4dee5d8b0390d601ff8618c0ff25ffe9bd9fc4,brian-team_brian2genn
962,feaa8bc90cf927718e5ed2c53ccdbad38447d629,brian-team_brian2genn
963,fed534935530e754fbe8feeb6091d30365090949,brian-team_brian2genn
964,fede3cb740bdf4e167a38b3844df702a6c7f8aae,brian-team_brian2genn
965,fefdc13dcf6f33550fe5a2321a0d790ba6e2b0a2,brian-team_brian2genn
966,ff83e68091c8569bf0c445ab28631529b37fc286,brian-team_brian2genn
