Month;#Commits
2016-09;13
2016-10;0
2016-11;10
2016-12;48
2017-01;8
2017-02;8
2017-03;0
2017-04;16
2017-05;14
2017-06;0
2017-07;0
2017-08;5
2017-09;0
2017-10;6
2017-11;4
2017-12;14
2018-01;2
2018-02;7
2018-03;6
2018-04;5
2018-05;1
2018-06;3
2018-07;2
2018-08;2
2018-09;34
2018-10;3
2018-11;2
2018-12;3
2019-01;0
2019-02;1
2019-03;0
2019-04;2
2019-05;0
2019-06;0
2019-07;37
2019-08;48
2019-09;0
2019-10;1
2019-11;60
2019-12;27
2020-01;7
2020-02;38
2020-03;68
2020-04;76
2020-05;101
2020-06;42
2020-07;53
2020-08;25
2020-09;19
2020-10;62
2020-11;122
2020-12;166
2021-01;36
2021-02;70
2021-03;69
2021-04;59
2021-05;102
2021-06;135
2021-07;79
2021-08;49
2021-09;64
2021-10;56
2021-11;72
2021-12;65
2022-01;105
2022-02;52
2022-03;129
2022-04;62
2022-05;72
2022-06;147
2022-07;51
2022-08;62
2022-09;62
2022-10;44
2022-11;24
2022-12;54
2023-01;42
2023-02;54
2023-03;81
2023-04;16
2023-05;69
2023-06;19
2023-07;17
2023-08;41
2023-09;16
2023-10;18
2023-11;4
2023-12;2
2024-01;1
2024-02;14
2024-03;2
2024-04;0
2024-05;2
2024-06;10
2024-07;0
2024-08;12
2024-09;47
2024-10;7
2024-11;14
2024-12;4
2025-01;8
2025-02;13
2025-03;57
2025-04;28
2025-05;30
2025-06;19
2025-07;90
2025-08;37
2025-09;35
2025-10;29
2025-11;8
